bandwidth_mhz,reflection_db_true,delay_ns_true,reflection_db_est,delay_ns_est,reflection_db_error,delay_ns_error,measured_power_db,restored_power_db,ideal_los_power_db,measured_error_db,restored_error_db,fit_rmse_db
10,-5.000000,6.000000,-4.999543,6.000041,0.000457,0.000041,0.200582,-2.638901,-2.638641,2.839223,-0.000260,0.000047
10,-10.000000,6.000000,-9.999737,6.000094,0.000263,0.000094,-5.220153,-2.638809,-2.638641,-2.581512,-0.000168,0.000018
10,-20.000000,6.000000,-19.999793,6.000061,0.000207,0.000061,-2.224514,-2.638784,-2.638641,0.414126,-0.000144,0.000003
10,-30.000000,6.000000,-29.999792,6.000061,0.000208,0.000061,-2.806621,-2.638781,-2.638641,-0.167981,-0.000141,0.000001
10,-5.000000,10.000000,-4.999273,9.999863,0.000727,-0.000137,-7.325665,-2.638926,-2.638641,-4.687024,-0.000285,0.000093
10,-10.000000,10.000000,-9.999474,9.999773,0.000526,-0.000227,-3.856783,-2.638821,-2.638641,-1.218142,-0.000181,0.000021
10,-20.000000,10.000000,-19.999570,9.999842,0.000430,-0.000158,-3.279289,-2.638784,-2.638641,-0.640649,-0.000143,0.000007
10,-30.000000,10.000000,-29.999571,9.999849,0.000429,-0.000151,-2.869021,-2.638782,-2.638641,-0.230380,-0.000141,0.000003
10,-5.000000,20.000000,-4.999223,19.999875,0.000777,-0.000125,-0.891337,-2.638994,-2.638641,1.747304,-0.000354,0.000081
10,-10.000000,20.000000,-9.999519,19.999853,0.000481,-0.000147,-4.390456,-2.638834,-2.638641,-1.751815,-0.000194,0.000027
10,-20.000000,20.000000,-19.999621,19.999830,0.000379,-0.000170,-2.540457,-2.638789,-2.638641,0.098183,-0.000149,0.000005
10,-30.000000,20.000000,-29.999609,19.999761,0.000391,-0.000239,-2.608204,-2.638782,-2.638641,0.030436,-0.000141,0.000001
20,-5.000000,6.000000,-4.921738,5.881091,0.078262,-0.118909,-4.856564,-0.000842,-0.003066,-4.853498,0.002225,0.045020
20,-10.000000,6.000000,-9.923201,5.959953,0.076799,-0.040047,2.238518,-0.022481,-0.003066,2.241584,-0.019414,0.009199
20,-20.000000,6.000000,-19.971729,5.968665,0.028271,-0.031335,0.337694,-0.000755,-0.003066,0.340760,0.002311,0.002028
20,-30.000000,6.000000,-29.935997,5.926708,0.064003,-0.073292,0.125770,-0.002136,-0.003066,0.128836,0.000930,0.000656
20,-5.000000,10.000000,-4.983571,9.901015,0.016429,-0.098985,2.285572,0.005891,-0.003066,2.288638,0.008957,0.035735
20,-10.000000,10.000000,-9.926719,9.808448,0.073281,-0.191552,-2.431739,0.003074,-0.003066,-2.428673,0.006140,0.021770
20,-20.000000,10.000000,-20.038234,9.849512,-0.038234,-0.150488,0.417812,-0.004897,-0.003066,0.420878,-0.001831,0.018639
20,-30.000000,10.000000,-29.977834,9.924087,0.022166,-0.075913,0.187895,-0.002982,-0.003066,0.190961,0.000084,0.001552
20,-5.000000,20.000000,-4.996244,19.972778,0.003756,-0.027222,2.734475,0.000003,-0.003066,2.737541,0.003069,0.015405
20,-10.000000,20.000000,-9.986366,19.955411,0.013634,-0.044589,-0.850164,-0.003950,-0.003066,-0.847098,-0.000884,0.015777
20,-20.000000,20.000000,-19.988996,19.976810,0.011004,-0.023190,-0.279014,-0.003378,-0.003066,-0.275948,-0.000312,0.003633
20,-30.000000,20.000000,-29.987802,19.981737,0.012198,-0.018263,0.044578,-0.003175,-0.003066,0.047644,-0.000109,0.001090
50,-5.000000,6.000000,-4.966581,5.959809,0.033419,-0.040191,-2.315885,-0.004092,-0.003396,-2.312489,-0.000696,0.120542
50,-10.000000,6.000000,-9.982568,5.964529,0.017432,-0.035471,1.712394,-0.001017,-0.003396,1.715789,0.002379,0.024394
50,-20.000000,6.000000,-19.983541,5.975007,0.016459,-0.024993,-0.523647,-0.003830,-0.003396,-0.520251,-0.000434,0.007639
50,-30.000000,6.000000,-29.974963,5.969953,0.025037,-0.030047,0.162733,-0.003766,-0.003396,0.166128,-0.000371,0.002169
50,-5.000000,10.000000,-4.978929,9.967513,0.021071,-0.032487,1.971542,0.002072,-0.003396,1.974938,0.005468,0.048510
50,-10.000000,10.000000,-10.011663,9.947079,-0.011663,-0.052921,0.553101,-0.010271,-0.003396,0.556497,-0.006875,0.044535
50,-20.000000,10.000000,-20.113132,10.019305,-0.113132,0.019305,0.443601,-0.015404,-0.003396,0.446997,-0.012008,0.042483
50,-30.000000,10.000000,-29.988083,9.962829,0.011917,-0.037171,-0.008823,-0.003666,-0.003396,-0.005428,-0.000271,0.002479
50,-5.000000,20.000000,-4.991245,20.003979,0.008755,0.003979,1.308005,-0.005180,-0.003396,1.311401,-0.001785,0.074772
50,-10.000000,20.000000,-9.992053,20.000803,0.007947,0.000803,0.478541,-0.004405,-0.003396,0.481937,-0.001009,0.029919
50,-20.000000,20.000000,-19.984227,19.997152,0.015773,-0.002848,0.032518,-0.003662,-0.003396,0.035914,-0.000267,0.007963
50,-30.000000,20.000000,-29.974760,19.995675,0.025240,-0.004325,-0.004055,-0.003650,-0.003396,-0.000659,-0.000254,0.003254
100,-5.000000,6.000000,-4.917576,5.999728,0.082424,-0.000272,-1.005714,0.008899,-0.001341,-1.004373,0.010240,1.299479
100,-10.000000,6.000000,-9.972983,5.985288,0.027017,-0.014712,1.034378,-0.002492,-0.001341,1.035720,-0.001151,0.054772
100,-20.000000,6.000000,-19.990615,5.991680,0.009385,-0.008320,0.432763,-0.003153,-0.001341,0.434104,-0.001812,0.010701
100,-30.000000,6.000000,-29.983945,5.980772,0.016055,-0.019228,0.013620,-0.002594,-0.001341,0.014961,-0.001252,0.005229
100,-5.000000,10.000000,-4.997214,9.998702,0.002786,-0.001298,1.245290,-0.002490,-0.001341,1.246631,-0.001149,0.006360
100,-10.000000,10.000000,-9.996148,9.999124,0.003852,-0.000876,0.369138,-0.003189,-0.001341,0.370480,-0.001848,0.007318
100,-20.000000,10.000000,-20.243246,10.003300,-0.243246,0.003300,0.044097,-0.002431,-0.001341,0.045438,-0.001089,0.075134
100,-30.000000,10.000000,-29.995391,9.998773,0.004609,-0.001227,-0.001216,-0.002514,-0.001341,0.000125,-0.001173,0.000576
100,-5.000000,20.000000,-4.993696,19.999784,0.006304,-0.000216,1.131923,-0.004394,-0.001341,1.133264,-0.003053,0.036325
100,-10.000000,20.000000,-9.988727,19.998795,0.011273,-0.001205,0.398018,-0.002871,-0.001341,0.399360,-0.001530,0.023825
100,-20.000000,20.000000,-19.989101,19.998881,0.010899,-0.001119,0.053420,-0.002467,-0.001341,0.054761,-0.001126,0.007784
100,-30.000000,20.000000,-29.991911,19.999116,0.008089,-0.000884,-0.000987,-0.002489,-0.001341,0.000354,-0.001147,0.002435
